{
  "board": {
    "type": "checkerboard",
    "rows": 8,
    "columns": 5,
    "square_size_m": 0.02
  },
  "intrinsics": {
    "K": [
      [
        910.7778930664062,
        0.0,
        636.7417602539062
      ],
      [
        0.0,
        910.10595703125,
        375.9102783203125
      ],
      [
        0.0,
        0.0,
        1.0
      ]
    ],
    "D": [
      0.0,
      0.0,
      0.0,
      0.0,
      0.0
    ]
  },
  "stats": {
    "num_images": 20,
    "num_used": 15,
    "reproj_error_mean_px": 0.5136799275875091,
    "reproj_error_median_px": 0.3142858296632767,
    "used_images": [
      "out_rs/images/000001.png",
      "out_rs/images/000002.png",
      "out_rs/images/000003.png",
      "out_rs/images/000005.png",
      "out_rs/images/000006.png",
      "out_rs/images/000007.png",
      "out_rs/images/000008.png",
      "out_rs/images/000009.png",
      "out_rs/images/000010.png",
      "out_rs/images/000012.png",
      "out_rs/images/000013.png",
      "out_rs/images/000015.png",
      "out_rs/images/000017.png",
      "out_rs/images/000018.png",
      "out_rs/images/000019.png"
    ]
  },
  "T_cam_to_world": [
    [
      -0.999160015003865,
      -0.0036782607706871214,
      -0.040813414647379406,
      -0.0783654078567899
    ],
    [
      -0.018476632589594456,
      -0.8485431622039278,
      0.528803475712014,
      -0.4263160588789232
    ],
    [
      -0.03657702100534212,
      0.5291133831936787,
      0.8477624368062753,
      -0.6671612994640832
    ],
    [
      0.0,
      0.0,
      0.0,
      1.0
    ]
  ],
  "T_world_to_cam": [
    [
      -0.9991600150038652,
      -0.018476632589594737,
      -0.03657702100534196,
      -0.11057924014137312
    ],
    [
      -0.003678260770687426,
      -0.8485431622039287,
      0.5291133831936786,
      -0.009031852809604252
    ],
    [
      -0.04081341464737943,
      0.5288034757120148,
      0.8477624368062755,
      0.7878333427786648
    ],
    [
      0.0,
      0.0,
      0.0,
      1.0
    ]
  ],
  "note": "world = checkerboard frame: X along columns, Y along rows, Z out of board."
}