{
  "color": {
    "K": [
      910.7778930664062,
      0.0,
      636.7417602539062,
      0.0,
      910.10595703125,
      375.9102783203125,
      0.0,
      0.0,
      1.0
    ],
    "D": [
      0.0,
      0.0,
      0.0,
      0.0,
      0.0
    ]
  }
}