{
  "device_name": "Intel RealSense D435IF",
  "serial": "250122073394",
  "product_line": "D400",
  "stream": {
    "resolution": {
      "color": [
        1280,
        720
      ],
      "depth": [
        1280,
        720
      ]
    }
  },
  "color_intrinsics": {
    "width": 1280,
    "height": 720,
    "fx": 910.7778930664062,
    "fy": 910.10595703125,
    "ppx": 636.7417602539062,
    "ppy": 375.9102783203125,
    "model": "distortion.inverse_brown_conrady",
    "coeffs": [
      0.0,
      0.0,
      0.0,
      0.0,
      0.0
    ]
  },
  "depth_intrinsics": {
    "width": 1280,
    "height": 720,
    "fx": 653.2728271484375,
    "fy": 653.2728271484375,
    "ppx": 651.9187622070312,
    "ppy": 358.0997314453125,
    "model": "distortion.brown_conrady",
    "coeffs": [
      0.0,
      0.0,
      0.0,
      0.0,
      0.0
    ]
  },
  "depth_to_color_extrinsics": {
    "R_3x3_row_major": [
      0.999903678894043,
      -0.013396639376878738,
      0.003620353527367115,
      0.0133937643840909,
      0.9999099373817444,
      0.0008172967936843634,
      -0.0036309766583144665,
      -0.0007687279721722007,
      0.999993085861206
    ],
    "t_xyz_m": [
      0.01487982552498579,
      -1.327691825281363e-05,
      0.000294654251774773
    ]
  },
  "depth_scale_m_per_unit": 0.0010000000474974513,
  "note": "R为行主序9元素，可重排为3x3；t单位米。"
}